continent_code,date,cases,deaths
AF,2020-02-15,1,0
AF,2020-02-16,1,0
AF,2020-02-17,1,0
AF,2020-02-18,1,0
AF,2020-02-19,1,0
AF,2020-02-20,1,0
AF,2020-02-21,1,0
AF,2020-02-22,1,0
AF,2020-02-23,1,0
AF,2020-02-24,1,0
AF,2020-02-25,1,0
AF,2020-02-26,2,0
AF,2020-02-27,2,0
AF,2020-02-28,3,0
AF,2020-02-29,3,0
AF,2020-03-01,5,0
AF,2020-03-02,6,0
AF,2020-03-03,3,0
AF,2020-03-04,5,0
AF,2020-03-05,15,0
AF,2020-03-06,27,0
AF,2020-03-07,17,0
AF,2020-03-08,2,0
AF,2020-03-09,74,1
AF,2020-03-10,66,1
AF,2020-03-11,67,1
AF,2020-03-12,108,2
AF,2020-03-13,150,4
AF,2020-03-14,191,5
AF,2020-03-15,239,6
AF,2020-03-16,323,8
AF,2020-03-17,402,8
AF,2020-03-18,494,12
AF,2020-03-19,633,16
AF,2020-03-20,744,17
AF,2020-03-21,975,24
AF,2020-03-22,1176,35
AF,2020-03-23,1389,44
AF,2020-03-24,1738,52
AF,2020-03-25,2203,64
AF,2020-03-26,2690,72
AF,2020-03-27,3278,84
AF,2020-03-28,3804,103
AF,2020-03-29,4124,124
AF,2020-03-30,4629,143
AF,2020-03-31,5137,166
AF,2020-04-01,5626,189
AF,2020-04-02,6248,224
AF,2020-04-03,6883,256
AF,2020-04-04,7508,305
AF,2020-04-05,8440,379
AF,2020-04-06,9175,434
AF,2020-04-07,9802,477
AF,2020-04-08,10524,522
AF,2020-04-09,11446,573
AF,2020-04-10,12280,630
AF,2020-04-11,12952,691
AF,2020-04-12,13666,743
AF,2020-04-13,14522,789
AF,2020-04-14,15291,835
AF,2020-04-15,16281,876
AF,2020-04-16,17243,911
AF,2020-04-17,18329,965
AF,2020-04-18,19897,1016
AF,2020-04-19,21057,1057
AF,2020-04-20,22303,1120
AF,2020-04-21,23267,1155
AF,2020-04-22,24617,1189
AF,2020-04-23,25686,1232
AF,2020-04-24,27221,1286
AF,2020-04-25,29075,1334
AF,2020-04-26,30316,1378
AF,2020-04-27,31748,1415
AF,2020-04-28,33162,1470
AF,2020-04-29,34932,1524
AF,2020-04-30,36735,1591
AF,2020-05-01,38850,1635
AF,2020-05-02,40757,1690
AF,2020-05-03,42776,1760
AF,2020-05-04,44435,1799
AF,2020-05-05,47122,1845
AF,2020-05-06,49208,1914
AF,2020-05-07,51677,2011
AF,2020-05-08,54106,2078
AF,2020-05-09,57836,2155
AF,2020-05-10,60637,2223
AF,2020-05-11,63391,2290
AF,2020-05-12,66510,2347
AF,2020-05-13,69504,2403
AF,2020-05-14,72533,2490
AF,2020-05-15,75679,2563
AF,2020-05-16,78432,2634
AF,2020-05-17,81435,2699
AF,2020-05-18,84816,2759
AF,2020-05-19,88085,2831
AF,2020-05-20,91365,2903
AF,2020-05-21,94985,2992
AF,2020-05-22,99855,3100
AF,2020-05-23,103712,3183
AF,2020-05-24,108151,3257
AF,2020-05-25,111909,3339
AF,2020-05-26,115764,3478
AF,2020-05-27,119681,3590
AF,2020-05-28,124532,3691
AF,2020-05-29,129281,3789
AF,2020-05-30,135149,3923
AF,2020-05-31,141622,4071
AF,2020-06-01,146996,4222
AF,2020-06-02,152485,4344
AF,2020-06-03,157450,4495
AF,2020-06-04,162175,4583
AF,2020-06-05,169823,4743
AF,2020-06-06,177209,4904
AF,2020-06-07,183627,5033
AF,2020-06-08,189598,5171
AF,2020-06-09,196570,5346
AF,2020-06-10,203142,5517
AF,2020-06-11,209623,5671
AF,2020-06-12,216870,5844
AF,2020-06-13,225490,6100
AF,2020-06-14,233823,6297
AF,2020-06-15,243125,6523
AF,2020-06-16,251277,6760
AF,2020-06-17,258737,6998
AF,2020-06-18,267242,7197
AF,2020-06-19,275621,7401
AF,2020-06-20,285648,7688
AF,2020-06-21,296553,7920
AF,2020-06-22,306067,8111
AF,2020-06-23,315261,8329
AF,2020-06-24,324392,8613
AF,2020-06-25,335116,8848
AF,2020-06-26,347779,9069
AF,2020-06-27,359078,9276
AF,2020-06-28,371448,9480
AF,2020-06-29,382730,9660
AF,2020-06-30,393444,9878
AF,2020-07-01,405076,10147
AF,2020-07-02,418314,10400
AF,2020-07-03,432700,10644
AF,2020-07-04,447512,10878
AF,2020-07-05,463421,11079
AF,2020-07-06,478071,11372
AF,2020-07-07,492770,11630
AF,2020-07-08,509003,11988
AF,2020-07-09,523546,12235
AF,2020-07-10,542312,12461
AF,2020-07-11,559866,12768
AF,2020-07-12,578560,12989
AF,2020-07-13,595561,13244
AF,2020-07-14,611806,13461
AF,2020-07-15,626726,13800
AF,2020-07-16,644900,14044
AF,2020-07-17,664673,14389
AF,2020-07-18,683966,14669
AF,2020-07-19,703115,14944
AF,2020-07-20,721879,15148
AF,2020-07-21,737376,15418
AF,2020-07-22,750373,15732
AF,2020-07-23,769947,16430
AF,2020-07-24,789845,16705
AF,2020-07-25,810495,17086
AF,2020-07-26,828874,17497
AF,2020-07-27,847678,17764
AF,2020-07-28,860849,18173
AF,2020-07-29,873991,18483
AF,2020-07-30,892116,18857
AF,2020-07-31,909735,19311
AF,2020-08-01,926921,19644
AF,2020-08-02,945835,19956
AF,2020-08-03,957830,20271
AF,2020-08-04,969196,20620
AF,2020-08-05,978744,21089
AF,2020-08-06,994405,21631
AF,2020-08-07,1009083,22080
AF,2020-08-08,1022401,22501
AF,2020-08-09,1036267,22913
AF,2020-08-10,1048821,23260
AF,2020-08-11,1057649,23590
AF,2020-08-12,1065544,23858
AF,2020-08-13,1075073,24284
AF,2020-08-14,1085653,24684
AF,2020-08-15,1098342,25106
AF,2020-08-16,1109981,25341
AF,2020-08-17,1119579,25633
AF,2020-08-18,1128596,25873
AF,2020-08-19,1135199,26260
AF,2020-08-20,1147864,26632
AF,2020-08-21,1158613,26971
AF,2020-08-22,1168735,27320
AF,2020-08-23,1178743,27587
AF,2020-08-24,1186650,27727
AF,2020-08-25,1195952,28000
AF,2020-08-26,1203829,28288
AF,2020-08-27,1212699,28609
AF,2020-08-28,1221212,28862
AF,2020-08-29,1229174,29093
AF,2020-08-30,1237805,29424
AF,2020-08-31,1246185,29585
AF,2020-09-01,1253066,29810
AF,2020-09-02,1260585,30053
AF,2020-09-03,1268832,30292
AF,2020-09-04,1275548,30594
AF,2020-09-05,1282157,30786
AF,2020-09-06,1292113,31038
AF,2020-09-07,1300143,31282
AF,2020-09-08,1307360,31496
AF,2020-09-09,1314613,31709
AF,2020-09-10,1323129,31904
AF,2020-09-11,1331098,32118
AF,2020-09-12,1339806,32352
AF,2020-09-13,1347353,32501
AF,2020-09-14,1354027,32620
AF,2020-09-15,1360366,32789
AF,2020-09-16,1366884,33056
AF,2020-09-17,1374374,33246
AF,2020-09-18,1383125,33430
AF,2020-09-19,1391241,33623
AF,2020-09-20,1400609,33831
AF,2020-09-21,1408440,33950
AF,2020-09-22,1414596,34088
AF,2020-09-23,1421375,34326
AF,2020-09-24,1429911,34529
AF,2020-09-25,1438186,34703
AF,2020-09-26,1446132,34855
AF,2020-09-27,1453454,35040
AF,2020-09-28,1461036,35159
AF,2020-09-29,1466884,35458
AF,2020-09-30,1474321,35673
AF,2020-10-01,1482711,35861
AF,2020-10-02,1489809,36086
AF,2020-10-03,1498661,36224
AF,2020-10-04,1507625,36335
AF,2020-10-05,1516906,36507
AF,2020-10-06,1521484,36631
AF,2020-10-07,1528213,36823
AF,2020-10-08,1538717,37093
AF,2020-10-09,1548475,37342
AF,2020-10-10,1559695,37622
AF,2020-10-11,1568091,37849
AF,2020-10-12,1576747,38042
AF,2020-10-13,1585643,38216
AF,2020-10-14,1594750,38570
AF,2020-10-15,1606133,38830
AF,2020-10-16,1614826,39097
AF,2020-10-17,1624412,39291
AF,2020-10-18,1638567,39554
AS,2019-12-31,27,0
AS,2020-01-01,27,0
AS,2020-01-02,27,0
AS,2020-01-03,44,0
AS,2020-01-04,44,0
AS,2020-01-05,59,0
AS,2020-01-06,59,0
AS,2020-01-07,59,0
AS,2020-01-08,59,0
AS,2020-01-09,59,0
AS,2020-01-10,59,0
AS,2020-01-11,59,1
AS,2020-01-12,59,1
AS,2020-01-13,60,1
AS,2020-01-14,60,1
AS,2020-01-15,61,2
AS,2020-01-16,61,2
AS,2020-01-17,66,2
AS,2020-01-18,83,2
AS,2020-01-19,219,3
AS,2020-01-20,239,3
AS,2020-01-21,391,6
AS,2020-01-22,533,17
AS,2020-01-23,630,17
AS,2020-01-24,896,26
AS,2020-01-25,1344,41
AS,2020-01-26,2013,56
AS,2020-01-27,2807,81
AS,2020-01-28,4572,106
AS,2020-01-29,6047,132
AS,2020-01-30,7799,170
AS,2020-01-31,9793,213
AS,2020-02-01,11903,259
AS,2020-02-02,14507,305
AS,2020-02-03,17321,362
AS,2020-02-04,20561,427
AS,2020-02-05,24456,493
AS,2020-02-06,28195,565
AS,2020-02-07,31367,638
AS,2020-02-08,34800,724
AS,2020-02-09,37418,813
AS,2020-02-10,40399,910
AS,2020-02-11,42894,1018
AS,2020-02-12,44925,1115
AS,2020-02-13,60074,1370
AS,2020-02-14,64240,1383
AS,2020-02-15,66798,1526
AS,2020-02-16,68826,1668
AS,2020-02-17,70892,1774
AS,2020-02-18,72788,1872
AS,2020-02-19,74564,2011
AS,2020-02-20,75017,2125
AS,2020-02-21,75996,2244
AS,2020-02-22,77044,2356
AS,2020-02-23,77989,2458
AS,2020-02-24,78402,2613
AS,2020-02-25,79077,2688
AS,2020-02-26,79833,2746
AS,2020-02-27,80819,2782
AS,2020-02-28,81739,2834
AS,2020-02-29,83266,2892
AS,2020-03-01,84669,2940
AS,2020-03-02,85997,2999
AS,2020-03-03,87081,3047
AS,2020-03-04,88621,3099
AS,2020-03-05,89897,3149
AS,2020-03-06,91307,3202
AS,2020-03-07,93194,3249
AS,2020-03-08,94870,3304
AS,2020-03-09,95956,3382
AS,2020-03-10,96880,3441
AS,2020-03-11,98394,3534
AS,2020-03-12,99935,3622
AS,2020-03-13,100972,3708
AS,2020-03-14,103063,3824
AS,2020-03-15,105057,3937
AS,2020-03-16,106996,4072
AS,2020-03-17,108788,4222
AS,2020-03-18,110697,4384
AS,2020-03-19,112718,4550
AS,2020-03-20,114974,4734
AS,2020-03-21,117221,4906
AS,2020-03-22,119946,5068
AS,2020-03-23,122380,5246
AS,2020-03-24,125359,5411
AS,2020-03-25,129110,5566
AS,2020-03-26,133174,5744
AS,2020-03-27,137378,5969
AS,2020-03-28,142366,6157
AS,2020-03-29,148054,6365
AS,2020-03-30,153542,6546
AS,2020-03-31,159440,6728
AS,2020-04-01,164550,6918
AS,2020-04-02,171092,7137
AS,2020-04-03,177378,7353
AS,2020-04-04,181138,7432
AS,2020-04-05,190109,7798
AS,2020-04-06,197301,8055
AS,2020-04-07,203623,8258
AS,2020-04-08,209632,8500
AS,2020-04-09,215229,8704
AS,2020-04-10,221514,8959
AS,2020-04-11,227820,9194
AS,2020-04-12,235125,9477
AS,2020-04-13,241833,9770
AS,2020-04-14,249510,10016
AS,2020-04-15,256665,10296
AS,2020-04-16,263798,10521
AS,2020-04-17,271982,12029
AS,2020-04-18,279908,12267
AS,2020-04-19,288417,12453
AS,2020-04-20,296731,12703
AS,2020-04-21,306229,12931
AS,2020-04-22,314891,13157
AS,2020-04-23,323272,13468
AS,2020-04-24,333666,13714
AS,2020-04-25,343641,13986
AS,2020-04-26,353204,14234
AS,2020-04-27,362296,14416
AS,2020-04-28,371270,14685
AS,2020-04-29,380596,14927
AS,2020-04-30,390558,15198
AS,2020-05-01,400946,15459
AS,2020-05-02,412196,15706
AS,2020-05-03,422370,16006
AS,2020-05-04,433399,16238
AS,2020-05-05,446273,16620
AS,2020-05-06,458726,16931
AS,2020-05-07,472739,17240
AS,2020-05-08,486487,17554
AS,2020-05-09,500592,17840
AS,2020-05-10,515241,18132
AS,2020-05-11,531072,18405
AS,2020-05-12,545487,18672
AS,2020-05-13,562327,18988
AS,2020-05-14,578796,19325
AS,2020-05-15,595812,19640
AS,2020-05-16,614249,19971
AS,2020-05-17,632440,20274
AS,2020-05-18,652272,20637
AS,2020-05-19,671703,20999
AS,2020-05-20,692236,21355
AS,2020-05-21,714093,21678
AS,2020-05-22,737419,22069
AS,2020-05-23,760406,22443
AS,2020-05-24,784074,22809
AS,2020-05-25,806392,23167
AS,2020-05-26,827465,23482
AS,2020-05-27,847463,23859
AS,2020-05-28,869321,24297
AS,2020-05-29,894674,24727
AS,2020-05-30,922027,25267
AS,2020-05-31,948911,25771
AS,2020-06-01,976663,26293
AS,2020-06-02,1004284,26802
AS,2020-06-03,1034194,27323
AS,2020-06-04,1066358,27928
AS,2020-06-05,1097603,28496
AS,2020-06-06,1130207,29135
AS,2020-06-07,1163231,29762
AS,2020-06-08,1195684,30343
AS,2020-06-09,1227584,31038
AS,2020-06-10,1260915,31696
AS,2020-06-11,1296079,32453
AS,2020-06-12,1332441,33259
AS,2020-06-13,1371304,34052
AS,2020-06-14,1409021,34771
AS,2020-06-15,1445169,35559
AS,2020-06-16,1480175,36442
AS,2020-06-17,1517405,38955
AS,2020-06-18,1557016,39808
AS,2020-06-19,1597182,40696
AS,2020-06-20,1638498,41624
AS,2020-06-21,1679192,42482
AS,2020-06-22,1717341,43406
AS,2020-06-23,1756380,44193
AS,2020-06-24,1797138,45122
AS,2020-06-25,1840623,46110
AS,2020-06-26,1883304,47048
AS,2020-06-27,1928214,47856
AS,2020-06-28,1973453,48880
AS,2020-06-29,2018652,49745
AS,2020-06-30,2061605,50762
AS,2020-07-01,2126258,51872
AS,2020-07-02,2173825,52858
AS,2020-07-03,2223912,53812
AS,2020-07-04,2275155,54787
AS,2020-07-05,2328055,55958
AS,2020-07-06,2376666,56990
AS,2020-07-07,2428633,58167
AS,2020-07-08,2477419,59308
AS,2020-07-09,2532328,60311
AS,2020-07-10,2587187,61413
AS,2020-07-11,2642404,62491
AS,2020-07-12,2696911,63593
AS,2020-07-13,2751812,65005
AS,2020-07-14,2806326,66137
AS,2020-07-15,2861034,67302
AS,2020-07-16,2920893,68527
AS,2020-07-17,2982675,69824
AS,2020-07-18,3054363,71828
AS,2020-07-19,3120139,73102
AS,2020-07-20,3183780,74476
AS,2020-07-21,3245762,75911
AS,2020-07-22,3310628,77190
AS,2020-07-23,3383425,79018
AS,2020-07-24,3459117,80439
AS,2020-07-25,3533625,81812
AS,2020-07-26,3607626,83065
AS,2020-07-27,3680371,84379
AS,2020-07-28,3751972,85582
AS,2020-07-29,3826949,87102
AS,2020-07-30,3905471,88390
AS,2020-07-31,3987975,89768
AS,2020-08-01,4068643,91032
AS,2020-08-02,4152048,92361
AS,2020-08-03,4229545,93920
AS,2020-08-04,4303858,95250
AS,2020-08-05,4384609,96673
AS,2020-08-06,4468847,98124
AS,2020-08-07,4558616,99334
AS,2020-08-08,4647006,100907
AS,2020-08-09,4737384,102241
AS,2020-08-10,4820664,104088
AS,2020-08-11,4900878,105444
AS,2020-08-12,4987906,106809
AS,2020-08-13,5081043,108330
AS,2020-08-14,5171818,109818
AS,2020-08-15,5266521,111315
AS,2020-08-16,5356964,112844
AS,2020-08-17,5435456,114293
AS,2020-08-18,5515156,115811
AS,2020-08-19,5606698,117395
AS,2020-08-20,5701566,118876
AS,2020-08-21,5800540,120576
AS,2020-08-22,5895804,122003
AS,2020-08-23,5990941,123400
AS,2020-08-24,6070374,124238
AS,2020-08-25,6155392,125602
AS,2020-08-26,6246399,127162
AS,2020-08-27,6348465,128743
AS,2020-08-28,6452991,130480
AS,2020-08-29,6555713,132035
AS,2020-08-30,6658629,133488
AS,2020-08-31,6759265,134992
AS,2020-09-01,6853529,136252
AS,2020-09-02,6955218,137897
AS,2020-09-03,7064532,139432
AS,2020-09-04,7174373,141083
AS,2020-09-05,7282118,142587
AS,2020-09-06,7402289,144184
AS,2020-09-07,7516009,145722
AS,2020-09-08,7617275,147354
AS,2020-09-09,7733954,149011
AS,2020-09-10,7857564,150717
AS,2020-09-11,7984421,152501
AS,2020-09-12,8109919,154154
AS,2020-09-13,8234423,155882
AS,2020-09-14,8354198,157538
AS,2020-09-15,8466746,159373
AS,2020-09-16,8589548,161247
AS,2020-09-17,8719210,163007
AS,2020-09-18,8847193,164767
AS,2020-09-19,8968642,166566
AS,2020-09-20,9092212,168317
AS,2020-09-21,9209582,170033
AS,2020-09-22,9314719,171647
AS,2020-09-23,9425095,173353
AS,2020-09-24,9551417,175126
AS,2020-09-25,9674475,176851
AS,2020-09-26,9787835,178550
AS,2020-09-27,9914621,180279
AS,2020-09-28,10027038,181916
AS,2020-09-29,10126053,183287
AS,2020-09-30,10237280,185149
AS,2020-10-01,10361084,186901
AS,2020-10-02,10482396,188686
AS,2020-10-03,10594099,190366
AS,2020-10-04,10703702,191880
AS,2020-10-05,10810122,193461
AS,2020-10-06,10904336,195030
AS,2020-10-07,11011337,196701
AS,2020-10-08,11127300,198372
AS,2020-10-09,11235748,200106
AS,2020-10-10,11339761,201688
AS,2020-10-11,11447267,203262
AS,2020-10-12,11542757,204791
AS,2020-10-13,11634846,206182
AS,2020-10-14,11733500,207613
AS,2020-10-15,11835342,209084
AS,2020-10-16,11935202,210678
AS,2020-10-17,12034138,212175
AS,2020-10-18,12129370,213918
EU,2020-01-25,3,0
EU,2020-01-26,3,0
EU,2020-01-27,3,0
EU,2020-01-28,4,0
EU,2020-01-29,8,0
EU,2020-01-30,10,0
EU,2020-01-31,15,0
EU,2020-02-01,23,0
EU,2020-02-02,24,0
EU,2020-02-03,25,0
EU,2020-02-04,28,0
EU,2020-02-05,29,0
EU,2020-02-06,29,0
EU,2020-02-07,31,0
EU,2020-02-08,37,0
EU,2020-02-09,37,0
EU,2020-02-10,42,0
EU,2020-02-11,43,0
EU,2020-02-12,45,0
EU,2020-02-13,46,0
EU,2020-02-14,46,0
EU,2020-02-15,46,1
EU,2020-02-16,46,1
EU,2020-02-17,47,1
EU,2020-02-18,47,1
EU,2020-02-19,47,1
EU,2020-02-20,47,1
EU,2020-02-21,47,1
EU,2020-02-22,61,1
EU,2020-02-23,124,3
EU,2020-02-24,177,3
EU,2020-02-25,275,7
EU,2020-02-26,384,12
EU,2020-02-27,490,14
EU,2020-02-28,831,19
EU,2020-02-29,1151,23
EU,2020-03-01,1578,31
EU,2020-03-02,2284,38
EU,2020-03-03,2811,55
EU,2020-03-04,3589,85
EU,2020-03-05,4609,113
EU,2020-03-06,6210,160
EU,2020-03-07,8225,215
EU,2020-03-08,10426,253
EU,2020-03-09,13243,398
EU,2020-03-10,16837,535
EU,2020-03-11,20293,718
EU,2020-03-12,26209,958
EU,2020-03-13,33753,1208
EU,2020-03-14,41561,1524
EU,2020-03-15,50803,1767
EU,2020-03-16,60188,2366
EU,2020-03-17,71158,2803
EU,2020-03-18,83883,3421
EU,2020-03-19,98267,4159
EU,2020-03-20,121219,5042
EU,2020-03-21,144072,6118
EU,2020-03-22,166781,7561
EU,2020-03-23,187997,8913
EU,2020-03-24,216495,10451
EU,2020-03-25,243831,12342
EU,2020-03-26,275825,14516
EU,2020-03-27,312725,16790
EU,2020-03-28,350905,19596
EU,2020-03-29,384785,22406
EU,2020-03-30,414976,25043
EU,2020-03-31,448271,28066
EU,2020-04-01,488471,31513
EU,2020-04-02,527088,35051
EU,2020-04-03,564243,38765
EU,2020-04-04,604783,44118
EU,2020-04-05,641290,48415
EU,2020-04-06,669797,51533
EU,2020-04-07,701513,55080
EU,2020-04-08,736325,60187
EU,2020-04-09,773934,64246
EU,2020-04-10,813485,69157
EU,2020-04-11,852442,73463
EU,2020-04-12,886150,77065
EU,2020-04-13,914551,80266
EU,2020-04-14,941844,83580
EU,2020-04-15,975652,87976
EU,2020-04-16,1008198,92802
EU,2020-04-17,1044064,96965
EU,2020-04-18,1077051,100904
EU,2020-04-19,1106123,104577
EU,2020-04-20,1135090,107099
EU,2020-04-21,1163046,110050
EU,2020-04-22,1194746,113971
EU,2020-04-23,1225226,117271
EU,2020-04-24,1255017,120328
EU,2020-04-25,1285777,123516
EU,2020-04-26,1312698,126495
EU,2020-04-27,1336028,128096
EU,2020-04-28,1358726,130553
EU,2020-04-29,1382372,133594
EU,2020-04-30,1408392,136310
EU,2020-05-01,1435269,138671
EU,2020-05-02,1459898,140838
EU,2020-05-03,1484591,142830
EU,2020-05-04,1507242,144136
EU,2020-05-05,1530207,145713
EU,2020-05-06,1554407,147966
EU,2020-05-07,1583962,150126
EU,2020-05-08,1610704,151900
EU,2020-05-09,1636197,153841
EU,2020-05-10,1661543,155049
EU,2020-05-11,1681725,156074
EU,2020-05-12,1703257,157415
EU,2020-05-13,1727267,159340
EU,2020-05-14,1749796,160831
EU,2020-05-15,1772556,162461
EU,2020-05-16,1794500,163769
EU,2020-05-17,1814165,164951
EU,2020-05-18,1831914,165651
EU,2020-05-19,1849205,166538
EU,2020-05-20,1868476,167901
EU,2020-05-21,1887986,168998
EU,2020-05-22,1907697,170603
EU,2020-05-23,1926307,171555
EU,2020-05-24,1944287,172411
EU,2020-05-25,1959227,171321
EU,2020-05-26,1975771,172194
EU,2020-05-27,1992497,172958
EU,2020-05-28,2009717,173975
EU,2020-05-29,2030445,174921
EU,2020-05-30,2048429,175798
EU,2020-05-31,2065966,176512
EU,2020-06-01,2081369,176979
EU,2020-06-02,2096577,177519
EU,2020-06-03,2111497,178298
EU,2020-06-04,2128007,179081
EU,2020-06-05,2145486,179687
EU,2020-06-06,2163107,180442
EU,2020-06-07,2179772,181052
EU,2020-06-08,2195124,181440
EU,2020-06-09,2211060,181897
EU,2020-06-10,2227210,182616
EU,2020-06-11,2244131,183296
EU,2020-06-12,2261781,183781
EU,2020-06-13,2279613,184336
EU,2020-06-14,2297113,184801
EU,2020-06-15,2313291,185132
EU,2020-06-16,2329040,185493
EU,2020-06-17,2345937,186129
EU,2020-06-18,2363909,186693
EU,2020-06-19,2381393,188542
EU,2020-06-20,2398716,189023
EU,2020-06-21,2415245,189339
EU,2020-06-22,2429619,189634
EU,2020-06-23,2444411,189928
EU,2020-06-24,2460344,190426
EU,2020-06-25,2477254,190814
EU,2020-06-26,2493287,191225
EU,2020-06-27,2510891,191687
EU,2020-06-28,2525449,192050
EU,2020-06-29,2539137,192341
EU,2020-06-30,2554060,192653
EU,2020-07-01,2568789,193080
EU,2020-07-02,2583842,193572
EU,2020-07-03,2599244,193978
EU,2020-07-04,2613822,194404
EU,2020-07-05,2627483,194756
EU,2020-07-06,2641477,195056
EU,2020-07-07,2655315,195366
EU,2020-07-08,2668767,195848
EU,2020-07-09,2684087,196286
EU,2020-07-10,2699379,196667
EU,2020-07-11,2714330,197057
EU,2020-07-12,2728484,197427
EU,2020-07-13,2742813,197687
EU,2020-07-14,2757479,197964
EU,2020-07-15,2771312,198354
EU,2020-07-16,2787538,198778
EU,2020-07-17,2803570,199147
EU,2020-07-18,2818697,199512
EU,2020-07-19,2832222,199782
EU,2020-07-20,2849303,200001
EU,2020-07-21,2865218,200244
EU,2020-07-22,2880574,200589
EU,2020-07-23,2899306,200956
EU,2020-07-24,2917841,201295
EU,2020-07-25,2934223,201641
EU,2020-07-26,2948600,201931
EU,2020-07-27,2967958,202122
EU,2020-07-28,2986314,202381
EU,2020-07-29,3003006,202717
EU,2020-07-30,3022680,203089
EU,2020-07-31,3043549,203438
EU,2020-08-01,3061059,203797
EU,2020-08-02,3076128,204050
EU,2020-08-03,3098056,204312
EU,2020-08-04,3121502,204575
EU,2020-08-05,3141021,204974
EU,2020-08-06,3164951,205363
EU,2020-08-07,3187701,205670
EU,2020-08-08,3207859,206019
EU,2020-08-09,3224174,206328
EU,2020-08-10,3248032,206652
EU,2020-08-11,3271923,207002
EU,2020-08-12,3293358,207289
EU,2020-08-13,3322084,207666
EU,2020-08-14,3349023,208045
EU,2020-08-15,3369179,208355
EU,2020-08-16,3389417,208828
EU,2020-08-17,3424788,209098
EU,2020-08-18,3446230,209368
EU,2020-08-19,3469939,209829
EU,2020-08-20,3499820,210194
EU,2020-08-21,3532980,210550
EU,2020-08-22,3556898,210856
EU,2020-08-23,3578503,211180
EU,2020-08-24,3619351,211449
EU,2020-08-25,3645645,211763
EU,2020-08-26,3675993,212183
EU,2020-08-27,3711138,212614
EU,2020-08-28,3744274,212958
EU,2020-08-29,3772435,213290
EU,2020-08-30,3796539,213618
EU,2020-08-31,3843604,213945
EU,2020-09-01,3873130,214343
EU,2020-09-02,3904974,214804
EU,2020-09-03,3942805,215245
EU,2020-09-04,3982816,215806
EU,2020-09-05,4015418,216132
EU,2020-09-06,4045808,216539
EU,2020-09-07,4099857,216856
EU,2020-09-08,4136115,217291
EU,2020-09-09,4177611,217812
EU,2020-09-10,4223442,218287
EU,2020-09-11,4272323,218769
EU,2020-09-12,4308385,219141
EU,2020-09-13,4345724,219473
EU,2020-09-14,4403934,219931
EU,2020-09-15,4444886,220431
EU,2020-09-16,4496479,221291
EU,2020-09-17,4547348,221886
EU,2020-09-18,4607380,222484
EU,2020-09-19,4655697,223117
EU,2020-09-20,4701014,223583
EU,2020-09-21,4771871,224093
EU,2020-09-22,4820066,224727
EU,2020-09-23,4875539,225458
EU,2020-09-24,4938361,226149
EU,2020-09-25,5007138,226853
EU,2020-09-26,5065976,227493
EU,2020-09-27,5118967,228114
EU,2020-09-28,5196220,228718
EU,2020-09-29,5245922,229367
EU,2020-09-30,5307058,230247
EU,2020-10-01,5375485,231092
EU,2020-10-02,5448964,231863
EU,2020-10-03,5519084,232619
EU,2020-10-04,5591061,233275
EU,2020-10-05,5683131,233816
EU,2020-10-06,5765180,234734
EU,2020-10-07,5851421,235680
EU,2020-10-08,5955770,236691
EU,2020-10-09,6071616,237754
EU,2020-10-10,6174405,238528
EU,2020-10-11,6287114,239473
EU,2020-10-12,6400943,240367
EU,2020-10-13,6501255,241181
EU,2020-10-14,6623123,242543
EU,2020-10-15,6769832,243860
EU,2020-10-16,6925771,245288
EU,2020-10-17,7061514,246545
EU,2020-10-18,7195749,247687
"NA",2020-01-14,1,0
"NA",2020-01-15,1,0
"NA",2020-01-16,1,0
"NA",2020-01-17,1,0
"NA",2020-01-18,1,0
"NA",2020-01-19,1,0
"NA",2020-01-20,1,0
"NA",2020-01-21,2,0
"NA",2020-01-22,2,0
"NA",2020-01-23,2,0
"NA",2020-01-24,2,0
"NA",2020-01-25,3,0
"NA",2020-01-26,4,0
"NA",2020-01-27,7,0
"NA",2020-01-28,8,0
"NA",2020-01-29,9,0
"NA",2020-01-30,10,0
"NA",2020-01-31,11,0
"NA",2020-02-01,13,0
"NA",2020-02-02,14,0
"NA",2020-02-03,17,0
"NA",2020-02-04,17,0
"NA",2020-02-05,18,0
"NA",2020-02-06,19,0
"NA",2020-02-07,21,0
"NA",2020-02-08,21,0
"NA",2020-02-09,21,0
"NA",2020-02-10,21,0
"NA",2020-02-11,23,0
"NA",2020-02-12,23,0
"NA",2020-02-13,24,0
"NA",2020-02-14,25,0
"NA",2020-02-15,26,0
"NA",2020-02-16,26,0
"NA",2020-02-17,26,0
"NA",2020-02-18,26,0
"NA",2020-02-19,26,0
"NA",2020-02-20,26,0
"NA",2020-02-21,28,0
"NA",2020-02-22,47,0
"NA",2020-02-23,48,0
"NA",2020-02-24,48,0
"NA",2020-02-25,70,0
"NA",2020-02-26,70,0
"NA",2020-02-27,77,0
"NA",2020-02-28,85,0
"NA",2020-02-29,96,0
"NA",2020-03-01,104,1
"NA",2020-03-02,129,2
"NA",2020-03-03,147,6
"NA",2020-03-04,174,9
"NA",2020-03-05,214,11
"NA",2020-03-06,302,12
"NA",2020-03-07,416,14
"NA",2020-03-08,515,17
"NA",2020-03-09,650,21
"NA",2020-03-10,877,27
"NA",2020-03-11,1180,30
"NA",2020-03-12,1528,32
"NA",2020-03-13,1959,42
"NA",2020-03-14,2599,49
"NA",2020-03-15,3495,59
"NA",2020-03-16,4436,72
"NA",2020-03-17,5552,91
"NA",2020-03-18,7599,118
"NA",2020-03-19,10880,163
"NA",2020-03-20,16099,164
"NA",2020-03-21,21838,282
"NA",2020-03-22,29545,371
"NA",2020-03-23,38379,504
"NA",2020-03-24,50112,632
"NA",2020-03-25,59626,851
"NA",2020-03-26,75474,1113
"NA",2020-03-27,93406,1371
"NA",2020-03-28,113341,1819
"NA",2020-03-29,134620,2328
"NA",2020-03-30,154394,2673
"NA",2020-03-31,177650,3381
"NA",2020-04-01,204592,4319
"NA",2020-04-02,233620,5421
"NA",2020-04-03,264811,6390
"NA",2020-04-04,299349,7571
"NA",2020-04-05,335595,9004
"NA",2020-04-06,363338,10240
"NA",2020-04-07,395955,11669
"NA",2020-04-08,428724,13674
"NA",2020-04-09,464609,15705
"NA",2020-04-10,501173,17704
"NA",2020-04-11,539242,19916
"NA",2020-04-12,569815,21890
"NA",2020-04-13,599520,23530
"NA",2020-04-14,627146,25186
"NA",2020-04-15,656675,27806
"NA",2020-04-16,689753,32913
"NA",2020-04-17,724680,35462
"NA",2020-04-18,759110,39433
"NA",2020-04-19,794722,41576
"NA",2020-04-20,822234,43518
"NA",2020-04-21,854433,45538
"NA",2020-04-22,895069,48370
"NA",2020-04-23,916304,50372
"NA",2020-04-24,946694,53841
"NA",2020-04-25,972042,55229
"NA",2020-04-26,1023686,57683
"NA",2020-04-27,1053747,59531
"NA",2020-04-28,1080094,61136
"NA",2020-04-29,1108188,63561
"NA",2020-04-30,1139451,66488
"NA",2020-05-01,1173532,68878
"NA",2020-05-02,1211452,71281
"NA",2020-05-03,1244857,72887
"NA",2020-05-04,1274587,74415
"NA",2020-05-05,1301715,75980
"NA",2020-05-06,1329539,78580
"NA",2020-05-07,1358341,81344
"NA",2020-05-08,1391317,84050
"NA",2020-05-09,1423075,85944
"NA",2020-05-10,1452469,87889
"NA",2020-05-11,1476286,88934
"NA",2020-05-12,1499188,90345
"NA",2020-05-13,1526039,92604
"NA",2020-05-14,1551952,94797
"NA",2020-05-15,1584087,97031
"NA",2020-05-16,1615315,99090
"NA",2020-05-17,1643899,100684
"NA",2020-05-18,1666594,101748
"NA",2020-05-19,1694505,102773
"NA",2020-05-20,1720274,104762
"NA",2020-05-21,1749257,106841
"NA",2020-05-22,1780834,108666
"NA",2020-05-23,1811660,110584
"NA",2020-05-24,1837876,111980
"NA",2020-05-25,1862611,112915
"NA",2020-05-26,1889045,113791
"NA",2020-05-27,1914818,115123
"NA",2020-05-28,1940371,117261
"NA",2020-05-29,1968779,119028
"NA",2020-05-30,2001061,120747
"NA",2020-05-31,2029690,122189
"NA",2020-06-01,2053944,123197
"NA",2020-06-02,2082452,124251
"NA",2020-06-03,2110076,125879
"NA",2020-06-04,2136851,128108
"NA",2020-06-05,2165417,130136
"NA",2020-06-06,2197967,131836
"NA",2020-06-07,2226210,132950
"NA",2020-06-08,2253226,133919
"NA",2020-06-09,2280643,134832
"NA",2020-06-10,2307367,136535
"NA",2020-06-11,2336589,138303
"NA",2020-06-12,2367681,139870
"NA",2020-06-13,2401873,141323
"NA",2020-06-14,2433733,142615
"NA",2020-06-15,2458449,143267
"NA",2020-06-16,2487448,144184
"NA",2020-06-17,2520208,145849
"NA",2020-06-18,2555113,147471
"NA",2020-06-19,2592168,148939
"NA",2020-06-20,2631418,150382
"NA",2020-06-21,2673222,151502
"NA",2020-06-22,2704671,152870
"NA",2020-06-23,2746125,154137
"NA",2020-06-24,2790885,155857
"NA",2020-06-25,2834703,157677
"NA",2020-06-26,2885899,160920
"NA",2020-06-27,2940960,162397
"NA",2020-06-28,2991272,163585
"NA",2020-06-29,3036836,164184
"NA",2020-06-30,3089836,165086
"NA",2020-07-01,3145164,167114
"NA",2020-07-02,3208857,168628
"NA",2020-07-03,3274019,170156
"NA",2020-07-04,3340510,171638
"NA",2020-07-05,3394254,172515
"NA",2020-07-06,3451622,173149
"NA",2020-07-07,3514354,174091
"NA",2020-07-08,3583796,176288
"NA",2020-07-09,3654559,178034
"NA",2020-07-10,3729794,179849
"NA",2020-07-11,3808911,181488
"NA",2020-07-12,3880764,182878
"NA",2020-07-13,3946416,183653
"NA",2020-07-14,4018251,184586
"NA",2020-07-15,4100195,186461
"NA",2020-07-16,4182852,188140
"NA",2020-07-17,4273439,189872
"NA",2020-07-18,4358670,191654
"NA",2020-07-19,4435636,193195
"NA",2020-07-20,4507282,194027
"NA",2020-07-21,4578293,194815
"NA",2020-07-22,4664561,197045
"NA",2020-07-23,4747021,199062
"NA",2020-07-24,4824685,200951
"NA",2020-07-25,4917582,203187
"NA",2020-07-26,4994338,204936
"NA",2020-07-27,5060205,205857
"NA",2020-07-28,5129875,207396
"NA",2020-07-29,5203846,209662
"NA",2020-07-30,5293650,211799
"NA",2020-07-31,5375380,213962
"NA",2020-08-01,5455576,216044
"NA",2020-08-02,5524393,218104
"NA",2020-08-03,5579248,218886
"NA",2020-08-04,5636471,219782
"NA",2020-08-05,5707301,222178
"NA",2020-08-06,5773228,224606
"NA",2020-08-07,5845192,227420
"NA",2020-08-08,5916732,229617
"NA",2020-08-09,5982031,231499
"NA",2020-08-10,6036747,232434
"NA",2020-08-11,6098487,233750
"NA",2020-08-12,6157749,235841
"NA",2020-08-13,6225872,238203
"NA",2020-08-14,6289477,240034
"NA",2020-08-15,6366758,242101
"NA",2020-08-16,6424076,243896
"NA",2020-08-17,6473107,244768
"NA",2020-08-18,6519425,245564
"NA",2020-08-19,6574903,247764
"NA",2020-08-20,6634241,249952
"NA",2020-08-21,6688786,251758
"NA",2020-08-22,6750908,253539
"NA",2020-08-23,6803954,255265
"NA",2020-08-24,6845559,256024
"NA",2020-08-25,6895749,256926
"NA",2020-08-26,6944987,258872
"NA",2020-08-27,7000054,260893
"NA",2020-08-28,7058380,262668
"NA",2020-08-29,7120504,264295
"NA",2020-08-30,7173254,266089
"NA",2020-08-31,7214046,266783
"NA",2020-09-01,7260311,267677
"NA",2020-09-02,7316792,269715
"NA",2020-09-03,7367803,271471
"NA",2020-09-04,7415820,273170
"NA",2020-09-05,7477130,274760
"NA",2020-09-06,7530467,276366
"NA",2020-09-07,7565666,276826
"NA",2020-09-08,7600739,277415
"NA",2020-09-09,7640277,278709
"NA",2020-09-10,7683416,280548
"NA",2020-09-11,7732018,282187
"NA",2020-09-12,7790467,284040
"NA",2020-09-13,7840471,285238
"NA",2020-09-14,7879544,285893
"NA",2020-09-15,7926499,286671
"NA",2020-09-16,7986579,288791
"NA",2020-09-17,8019456,290066
"NA",2020-09-18,8074623,291223
"NA",2020-09-19,8137090,292951
"NA",2020-09-20,8187253,294196
"NA",2020-09-21,8233123,294751
"NA",2020-09-22,8298978,295433
"NA",2020-09-23,8348557,297091
"NA",2020-09-24,8397436,298888
"NA",2020-09-25,8453625,300372
"NA",2020-09-26,8520953,301848
"NA",2020-09-27,8574709,303073
"NA",2020-09-28,8617357,303567
"NA",2020-09-29,8663379,304142
"NA",2020-09-30,8718645,305744
"NA",2020-10-01,8772356,307260
"NA",2020-10-02,8828348,308680
"NA",2020-10-03,8893613,310159
"NA",2020-10-04,8953420,311380
"NA",2020-10-05,8995253,312063
"NA",2020-10-06,9048919,312759
"NA",2020-10-07,9104000,314018
"NA",2020-10-08,9163693,315391
"NA",2020-10-09,9232931,319469
"NA",2020-10-10,9303677,320991
"NA",2020-10-11,9365213,321790
"NA",2020-10-12,9413663,322237
"NA",2020-10-13,9469373,322974
"NA",2020-10-14,9534019,324364
"NA",2020-10-15,9604610,325888
"NA",2020-10-16,9677175,327238
"NA",2020-10-17,9754550,328666
"NA",2020-10-18,9817906,329827
OC,2020-01-25,1,0
OC,2020-01-26,4,0
OC,2020-01-27,4,0
OC,2020-01-28,4,0
OC,2020-01-29,4,0
OC,2020-01-30,6,0
OC,2020-01-31,7,0
OC,2020-02-01,9,0
OC,2020-02-02,11,0
OC,2020-02-03,11,0
OC,2020-02-04,11,0
OC,2020-02-05,12,0
OC,2020-02-06,13,0
OC,2020-02-07,14,0
OC,2020-02-08,14,0
OC,2020-02-09,14,0
OC,2020-02-10,14,0
OC,2020-02-11,14,0
OC,2020-02-12,14,0
OC,2020-02-13,14,0
OC,2020-02-14,15,0
OC,2020-02-15,15,0
OC,2020-02-16,15,0
OC,2020-02-17,15,0
OC,2020-02-18,15,0
OC,2020-02-19,15,0
OC,2020-02-20,15,0
OC,2020-02-21,17,0
OC,2020-02-22,21,0
OC,2020-02-23,22,0
OC,2020-02-24,22,0
OC,2020-02-25,22,0
OC,2020-02-26,22,0
OC,2020-02-27,23,0
OC,2020-02-28,24,0
OC,2020-02-29,26,0
OC,2020-03-01,27,1
OC,2020-03-02,30,1
OC,2020-03-03,33,1
OC,2020-03-04,43,1
OC,2020-03-05,55,2
OC,2020-03-06,63,2
OC,2020-03-07,68,2
OC,2020-03-08,74,3
OC,2020-03-09,80,3
OC,2020-03-10,100,3
OC,2020-03-11,112,3
OC,2020-03-12,126,3
OC,2020-03-13,156,3
OC,2020-03-14,203,3
OC,2020-03-15,257,3
OC,2020-03-16,298,5
OC,2020-03-17,375,5
OC,2020-03-18,474,5
OC,2020-03-19,599,6
OC,2020-03-20,764,6
OC,2020-03-21,960,7
OC,2020-03-22,1203,8
OC,2020-03-23,1865,8
OC,2020-03-24,2029,8
OC,2020-03-25,2684,9
OC,2020-03-26,3143,12
OC,2020-03-27,3604,14
OC,2020-03-28,3896,14
OC,2020-03-29,4395,16
OC,2020-03-30,4757,18
OC,2020-03-31,5324,21
OC,2020-04-01,5488,24
OC,2020-04-02,5843,26
OC,2020-04-03,6147,28
OC,2020-04-04,6537,36
OC,2020-04-05,6731,40
OC,2020-04-06,6847,42
OC,2020-04-07,6981,48
OC,2020-04-08,7136,52
OC,2020-04-09,7266,57
OC,2020-04-10,7392,60
OC,2020-04-11,7501,64
OC,2020-04-12,7569,68
OC,2020-04-13,7619,73
OC,2020-04-14,7674,77
OC,2020-04-15,7733,77
OC,2020-04-16,7781,79
OC,2020-04-17,7828,81
OC,2020-04-18,7874,85
OC,2020-04-19,7931,88
OC,2020-04-20,7964,89
OC,2020-04-21,7981,91
OC,2020-04-22,8009,95
OC,2020-04-23,8018,97
OC,2020-04-24,8036,99
OC,2020-04-25,8060,104
OC,2020-04-26,8080,106
OC,2020-04-27,8092,109
OC,2020-04-28,8109,110
OC,2020-04-29,8125,114
OC,2020-04-30,8136,116
OC,2020-05-01,8156,118
OC,2020-05-02,8163,120
OC,2020-05-03,8183,120
OC,2020-05-04,8203,122
OC,2020-05-05,8227,122
OC,2020-05-06,8254,124
OC,2020-05-07,8284,125
OC,2020-05-08,8307,125
OC,2020-05-09,8326,125
OC,2020-05-10,8344,125
OC,2020-05-11,8359,125
OC,2020-05-12,8370,125
OC,2020-05-13,8386,125
OC,2020-05-14,8397,126
OC,2020-05-15,8414,126
OC,2020-05-16,8444,126
OC,2020-05-17,8464,126
OC,2020-05-18,8473,126
OC,2020-05-19,8492,127
OC,2020-05-20,8500,127
OC,2020-05-21,8523,128
OC,2020-05-22,8526,128
OC,2020-05-23,8540,129
OC,2020-05-24,8552,130
OC,2020-05-25,8555,130
OC,2020-05-26,8564,130
OC,2020-05-27,8582,130
OC,2020-05-28,8590,131
OC,2020-05-29,8603,131
OC,2020-05-30,8626,131
OC,2020-05-31,8639,131
OC,2020-06-01,8651,131
OC,2020-06-02,8661,131
OC,2020-06-03,8681,131
OC,2020-06-04,8692,131
OC,2020-06-05,8705,131
OC,2020-06-06,8716,131
OC,2020-06-07,8721,131
OC,2020-06-08,8726,131
OC,2020-06-09,8733,131
OC,2020-06-10,8738,131
OC,2020-06-11,8749,131
OC,2020-06-12,8758,131
OC,2020-06-13,8766,131
OC,2020-06-14,8778,131
OC,2020-06-15,8796,131
OC,2020-06-16,8814,131
OC,2020-06-17,8828,131
OC,2020-06-18,8856,131
OC,2020-06-19,8885,131
OC,2020-06-20,8905,131
OC,2020-06-21,8956,131
OC,2020-06-22,8984,131
OC,2020-06-23,9002,131
OC,2020-06-24,9022,131
OC,2020-06-25,9060,132
OC,2020-06-26,9115,133
OC,2020-06-27,9157,133
OC,2020-06-28,9207,133
OC,2020-06-29,9259,133
OC,2020-06-30,9344,133
OC,2020-07-01,9421,133
OC,2020-07-02,9522,133
OC,2020-07-03,9610,133
OC,2020-07-04,9866,133
OC,2020-07-05,9976,133
OC,2020-07-06,10076,133
OC,2020-07-07,10219,135
OC,2020-07-08,10389,135
OC,2020-07-09,10531,135
OC,2020-07-10,10707,135
OC,2020-07-11,11010,135
OC,2020-07-12,11207,136
OC,2020-07-13,11456,137
OC,2020-07-14,11640,137
OC,2020-07-15,11918,137
OC,2020-07-16,12164,140
OC,2020-07-17,12481,142
OC,2020-07-18,12912,145
OC,2020-07-19,13121,147
OC,2020-07-20,13489,151
OC,2020-07-21,13768,152
OC,2020-07-22,14139,155
OC,2020-07-23,14612,157
OC,2020-07-24,15029,162
OC,2020-07-25,15319,168
OC,2020-07-26,15683,174
OC,2020-07-27,16168,184
OC,2020-07-28,16704,190
OC,2020-07-29,17078,197
OC,2020-07-30,17362,207
OC,2020-07-31,18094,220
OC,2020-08-01,18701,228
OC,2020-08-02,19103,232
OC,2020-08-03,19775,240
OC,2020-08-04,20178,253
OC,2020-08-05,20608,264
OC,2020-08-06,21370,279
OC,2020-08-07,21813,288
OC,2020-08-08,22250,299
OC,2020-08-09,22677,311
OC,2020-08-10,23095,328
OC,2020-08-11,23426,346
OC,2020-08-12,23828,364
OC,2020-08-13,24321,385
OC,2020-08-14,24606,394
OC,2020-08-15,25040,408
OC,2020-08-16,25359,412
OC,2020-08-17,25742,429
OC,2020-08-18,26118,454
OC,2020-08-19,26334,471
OC,2020-08-20,26592,483
OC,2020-08-21,26953,498
OC,2020-08-22,27197,508
OC,2020-08-23,27448,521
OC,2020-08-24,27706,538
OC,2020-08-25,27978,553
OC,2020-08-26,28215,563
OC,2020-08-27,28553,587
OC,2020-08-28,28799,611
OC,2020-08-29,29091,624
OC,2020-08-30,29258,641
OC,2020-08-31,29390,652
OC,2020-09-01,29635,693
OC,2020-09-02,29814,701
OC,2020-09-03,29954,707
OC,2020-09-04,30203,722
OC,2020-09-05,30385,782
OC,2020-09-06,30544,795
OC,2020-09-07,30629,800
OC,2020-09-08,30748,810
OC,2020-09-09,30854,822
OC,2020-09-10,31080,834
OC,2020-09-11,31220,843
OC,2020-09-12,31387,855
OC,2020-09-13,31463,864
OC,2020-09-14,31509,871
OC,2020-09-15,31736,879
OC,2020-09-16,31855,880
OC,2020-09-17,31973,890
OC,2020-09-18,32142,900
OC,2020-09-19,32211,908
OC,2020-09-20,32379,915
OC,2020-09-21,32441,921
OC,2020-09-22,32508,926
OC,2020-09-23,32586,932
OC,2020-09-24,32669,938
OC,2020-09-25,32681,940
OC,2020-09-26,32753,952
OC,2020-09-27,32839,953
OC,2020-09-28,32864,955
OC,2020-09-29,33240,964
OC,2020-09-30,33315,972
OC,2020-10-01,33315,972
OC,2020-10-02,33599,980
OC,2020-10-03,33791,983
OC,2020-10-04,33954,988
OC,2020-10-05,33970,990
OC,2020-10-06,34307,994
OC,2020-10-07,34400,995
OC,2020-10-08,34473,1000
OC,2020-10-09,34623,1000
OC,2020-10-10,35107,1001
OC,2020-10-11,35214,1003
OC,2020-10-12,35239,1004
OC,2020-10-13,35862,1005
OC,2020-10-14,36001,1007
OC,2020-10-15,36427,1014
OC,2020-10-16,36605,1016
OC,2020-10-17,36970,1017
OC,2020-10-18,37056,1020
SA,2020-02-26,1,0
SA,2020-02-27,1,0
SA,2020-02-28,1,0
SA,2020-02-29,1,0
SA,2020-03-01,3,0
SA,2020-03-02,8,0
SA,2020-03-03,9,0
SA,2020-03-04,4,0
SA,2020-03-05,16,0
SA,2020-03-06,27,0
SA,2020-03-07,28,0
SA,2020-03-08,23,1
SA,2020-03-09,68,1
SA,2020-03-10,65,0
SA,2020-03-11,103,1
SA,2020-03-12,103,0
SA,2020-03-13,174,2
SA,2020-03-14,269,3
SA,2020-03-15,359,4
SA,2020-03-16,519,5
SA,2020-03-17,742,5
SA,2020-03-18,974,6
SA,2020-03-19,1318,10
SA,2020-03-20,1815,15
SA,2020-03-21,2532,26
SA,2020-03-22,3173,37
SA,2020-03-23,4084,53
SA,2020-03-24,4938,68
SA,2020-03-25,5748,95
SA,2020-03-26,6738,114
SA,2020-03-27,7762,148
SA,2020-03-28,9026,178
SA,2020-03-29,10214,215
SA,2020-03-30,11258,259
SA,2020-03-31,12355,305
SA,2020-04-01,14376,379
SA,2020-04-02,16864,493
SA,2020-04-03,18939,569
SA,2020-04-04,21085,675
SA,2020-04-05,23350,808
SA,2020-04-06,25472,897
SA,2020-04-07,27321,1009
SA,2020-04-08,30248,1188
SA,2020-04-09,35163,1377
SA,2020-04-10,39236,1605
SA,2020-04-11,44746,1799
SA,2020-04-12,47743,1936
SA,2020-04-13,50546,2091
SA,2020-04-14,52381,2228
SA,2020-04-15,57817,2502
SA,2020-04-16,62862,2775
SA,2020-04-17,67182,3030
SA,2020-04-18,72502,3318
SA,2020-04-19,77788,3642
SA,2020-04-20,82219,3851
SA,2020-04-21,86241,4067
SA,2020-04-22,91186,4316
SA,2020-04-23,96616,4578
SA,2020-04-24,103275,5076
SA,2020-04-25,108464,5531
SA,2020-04-26,118922,5980
SA,2020-04-27,136829,6221
SA,2020-04-28,144152,6733
SA,2020-04-29,154128,7524
SA,2020-04-30,164579,8103
SA,2020-05-01,176771,8700
SA,2020-05-02,189589,9403
SA,2020-05-03,199909,10248
SA,2020-05-04,211843,10845
SA,2020-05-05,223774,11252
SA,2020-05-06,236829,11986
SA,2020-05-07,250173,12778
SA,2020-05-08,267071,13552
SA,2020-05-09,281664,14486
SA,2020-05-10,297874,15371
SA,2020-05-11,309809,16383
SA,2020-05-12,319201,16905
SA,2020-05-13,335609,18110
SA,2020-05-14,355148,19030
SA,2020-05-15,377258,20038
SA,2020-05-16,401097,21316
SA,2020-05-17,424608,22407
SA,2020-05-18,439993,23114
SA,2020-05-19,460023,24059
SA,2020-05-20,487540,25481
SA,2020-05-21,518520,26600
SA,2020-05-22,547818,28059
SA,2020-05-23,578327,29376
SA,2020-05-24,604966,30600
SA,2020-05-25,631464,31432
SA,2020-05-26,654500,32600
SA,2020-05-27,682708,33900
SA,2020-05-28,717031,35337
SA,2020-05-29,757112,36736
SA,2020-05-30,796788,38119
SA,2020-05-31,845018,39325
SA,2020-06-01,877848,40084
SA,2020-06-02,903784,41011
SA,2020-06-03,939557,42479
SA,2020-06-04,985888,44299
SA,2020-06-05,1028289,46052
SA,2020-06-06,1071974,47442
SA,2020-06-07,1113006,48757
SA,2020-06-08,1145877,50189
SA,2020-06-09,1172395,51158
SA,2020-06-10,1216384,52765
SA,2020-06-11,1264246,54530
SA,2020-06-12,1308614,56199
SA,2020-06-13,1354089,57796
SA,2020-06-14,1391636,59259
SA,2020-06-15,1424890,60425
SA,2020-06-16,1458558,61401
SA,2020-06-17,1507448,63071
SA,2020-06-18,1581305,64901
SA,2020-06-19,1620152,66798
SA,2020-06-20,1693570,68690
SA,2020-06-21,1742723,70281
SA,2020-06-22,1775495,71477
SA,2020-06-23,1807492,72308
SA,2020-06-24,1861067,74222
SA,2020-06-25,1921913,76008
SA,2020-06-26,1978153,77770
SA,2020-06-27,2038937,79389
SA,2020-06-28,2097655,81198
SA,2020-06-29,2140940,82324
SA,2020-06-30,2181080,83586
SA,2020-07-01,2228457,85371
SA,2020-07-02,2291043,86971
SA,2020-07-03,2354802,88917
SA,2020-07-04,2413222,90819
SA,2020-07-05,2464671,92550
SA,2020-07-06,2506497,93675
SA,2020-07-07,2540280,94821
SA,2020-07-08,2600708,96642
SA,2020-07-09,2660943,98486
SA,2020-07-10,2721576,100341
SA,2020-07-11,2786154,102205
SA,2020-07-12,2842468,103918
SA,2020-07-13,2884529,105106
SA,2020-07-14,2919638,106383
SA,2020-07-15,2979009,108198
SA,2020-07-16,3036135,110126
SA,2020-07-17,3103795,112125
SA,2020-07-18,3160852,114923
SA,2020-07-19,3212247,116535
SA,2020-07-20,3254375,117841
SA,2020-07-21,3294327,119198
SA,2020-07-22,3356005,121150
SA,2020-07-23,3445859,123116
SA,2020-07-24,3529494,128967
SA,2020-07-25,3609054,130883
SA,2020-07-26,3682167,132909
SA,2020-07-27,3734251,134168
SA,2020-07-28,3776264,135404
SA,2020-07-29,3841812,137127
SA,2020-07-30,3935379,139592
SA,2020-07-31,4022150,141620
SA,2020-08-01,4103247,143694
SA,2020-08-02,4178662,145495
SA,2020-08-03,4232628,146802
SA,2020-08-04,4273197,148176
SA,2020-08-05,4348929,150210
SA,2020-08-06,4436947,152484
SA,2020-08-07,4523295,154589
SA,2020-08-08,4605177,156507
SA,2020-08-09,4684731,158194
SA,2020-08-10,4737320,159545
SA,2020-08-11,4783610,160994
SA,2020-08-12,4869152,163100
SA,2020-08-13,4958939,165294
SA,2020-08-14,5052303,171094
SA,2020-08-15,5136389,173029
SA,2020-08-16,5212864,174651
SA,2020-08-17,5270165,175985
SA,2020-08-18,5312996,177403
SA,2020-08-19,5391527,179443
SA,2020-08-20,5476391,181574
SA,2020-08-21,5553984,183710
SA,2020-08-22,5615735,185703
SA,2020-08-23,5698964,187623
SA,2020-08-24,5751583,188908
SA,2020-08-25,5795274,190319
SA,2020-08-26,5873126,192572
SA,2020-08-27,5949902,194487
SA,2020-08-28,6028787,196437
SA,2020-08-29,6104507,198136
SA,2020-08-30,6181993,199910
SA,2020-08-31,6228207,200984
SA,2020-09-01,6296542,202220
SA,2020-09-02,6367835,204336
SA,2020-09-03,6446268,206438
SA,2020-09-04,6520499,208002
SA,2020-09-05,6605208,209917
SA,2020-09-06,6667350,211405
SA,2020-09-07,6702266,217871
SA,2020-09-08,6731416,218814
SA,2020-09-09,6772040,220081
SA,2020-09-10,6839902,221946
SA,2020-09-11,6913146,223710
SA,2020-09-12,6988959,225469
SA,2020-09-13,7053580,226983
SA,2020-09-14,7099790,227967
SA,2020-09-15,7138289,228913
SA,2020-09-16,7200700,230748
SA,2020-09-17,7269400,232354
SA,2020-09-18,7335484,233965
SA,2020-09-19,7407034,235557
SA,2020-09-20,7471953,236953
SA,2020-09-21,7514292,237789
SA,2020-09-22,7557821,239113
SA,2020-09-23,7618246,240840
SA,2020-09-24,7683085,242736
SA,2020-09-25,7747662,244429
SA,2020-09-26,7811720,246024
SA,2020-09-27,7870045,247686
SA,2020-09-28,7909976,248654
SA,2020-09-29,7947520,249675
SA,2020-09-30,8006313,251326
SA,2020-10-01,8067988,253130
SA,2020-10-02,8132994,257696
SA,2020-10-03,8195653,259173
SA,2020-10-04,8247050,260389
SA,2020-10-05,8278448,261376
SA,2020-10-06,8314017,262519
SA,2020-10-07,8385552,264061
SA,2020-10-08,8448568,265581
SA,2020-10-09,8508182,267578
SA,2020-10-10,8568104,269161
SA,2020-10-11,8623111,270432
SA,2020-10-12,8661210,271349
SA,2020-10-13,8692017,272205
SA,2020-10-14,8727439,273197
SA,2020-10-15,8782191,274655
SA,2020-10-16,8841365,276123
SA,2020-10-17,8904125,277682
SA,2020-10-18,8955508,278889
